theta0,theta1
0,08008.439832646785,-0.021448963591701817
