theta0,theta1
0,0

8008.439832646785,-0.021448963591701817
8008.439832646785,-0.021448963591701817
8008.439832646785,-0.021448963591701817
