theta0,theta1
0.0
,
,
,
,
,
0.9346572009609467,-0.9912710466181279
0.9393189294497459,-1.0035757423970153
0.9393189294497459,-1.0035757423970153
0.9393189294497459,-1.0035757423970153
0.9362124793084768,-0.9953762249792935
0.3539120808115343,0.06824197418368752
0.6651943230543922,-0.2800361611850822
0.6651943230543922,-0.2800361611850822
0.6651943230543922,-0.2800361611850822
0.9362124793084768,-0.9953762249792935
0.9393189294497459,-1.0035757423970153
